<?xml version="1.0" encoding="windows-1252" ?>
<adfc-config xmlns="http://xmlns.oracle.com/adf/controller" version="1.2">
  <view id="StartPage">
    <page>/StartPage.jsf</page>
  </view>
  <task-flow-call id="popup-flow">
    <task-flow-reference>
      <document>/WEB-INF/popup-flow.xml</document>
      <id>popup-flow</id>
    </task-flow-reference>
    
    <return-value id="__4">
      <name>returnLineIds</name>
      <value>#{pageFlowScope.returnLineIds}</value>
    </return-value>
    <run-as-dialog>
      <display-type>
        <external-window/>
      </display-type>
    </run-as-dialog>
  </task-flow-call>
  <control-flow-rule id="__1">
    <from-activity-id>StartPage</from-activity-id>
    <control-flow-case id="__2">
      <from-outcome>toTemplate</from-outcome>
      <to-activity-id>popup-flow</to-activity-id>
    </control-flow-case>
  </control-flow-rule>
  <managed-bean id="__5">
    <managed-bean-name>TestBean</managed-bean-name>
    <managed-bean-class>view.TestBean</managed-bean-class>
    <managed-bean-scope>request</managed-bean-scope>
  </managed-bean>
</adfc-config>
