<?xml version="1.0" encoding="windows-1252" ?>
<adfc-config xmlns="http://xmlns.oracle.com/adf/controller" version="1.2">
  <task-flow-definition id="popup-flow">
    <default-activity>ReactPage</default-activity>
    <data-control-scope>
      <shared/>
    </data-control-scope>
    <return-value-definition id="__4">
      <name>returnLineIds</name>
      <value>#{pageFlowScope.returnLineIds}</value>
      <class>java.lang.String</class>
    </return-value-definition>
    <view id="ReactPage">
      <page>/ReactPage.jsf</page>
    </view>
    <task-flow-return id="taskFlowReturn1">
      <outcome>
        <name>taskFlowReturn1</name>
      </outcome>
    </task-flow-return>
    <control-flow-rule id="__1">
      <from-activity-id>ReactPage</from-activity-id>
      <control-flow-case id="__2">
        <from-outcome>back</from-outcome>
        <to-activity-id>taskFlowReturn1</to-activity-id>
      </control-flow-case>
    </control-flow-rule>
  </task-flow-definition>
</adfc-config>
